{"объем_данных": 1267.0235209045418, "on_net": 1056.2650632270957, "секретный_скор": 900.2351257746459, "доход": 747.4117225816389, "сумма": 660.4784830907595}